{"stats":{"minecraft:killed_by":{"minecraft:piglin_brute":1,"minecraft:magma_cube":1,"minecraft:zombie":4,"minecraft:creeper":3,"minecraft:witch":1,"minecraft:player":9,"minecraft:iron_golem":13,"minecraft:skeleton":5},"minecraft:picked_up":{"minecraft:seagrass":21,"minecraft:chainmail_boots":10,"minecraft:creeper_head":5,"minecraft:anvil":12,"minecraft:suspicious_stew":3,"minecraft:lead":25,"minecraft:smithing_table":4,"minecraft:stone_slab":1,"minecraft:diamond_sword":4,"minecraft:oak_stairs":78,"minecraft:enchanted_book":7,"minecraft:golden_sword":19,"minecraft:string":167,"minecraft:dark_oak_trapdoor":13,"minecraft:soul_soil":320,"minecraft:pufferfish":1,"minecraft:blue_stained_glass_pane":263,"minecraft:diamond_leggings":1,"minecraft:gold_nugget":324,"minecraft:dead_bubble_coral_fan":6,"minecraft:horn_coral_block":1,"minecraft:coal_block":13,"minecraft:diamond_ore":74,"minecraft:dark_oak_door":21,"minecraft:white_glazed_terracotta":1,"minecraft:composter":17,"minecraft:golden_axe":9,"minecraft:cauldron":14,"minecraft:horn_coral_fan":9,"minecraft:blue_dye":14,"minecraft:iron_block":1,"minecraft:carved_pumpkin":5,"minecraft:bookshelf":4,"minecraft:white_terracotta":12,"minecraft:blaze_rod":4,"minecraft:snowball":206,"minecraft:birch_log":3068,"minecraft:magma_block":3674,"minecraft:feather":15,"minecraft:cooked_beef":14,"minecraft:iron_door":2,"minecraft:birch_slab":69,"minecraft:water_bucket":2,"minecraft:jungle_log":3,"minecraft:brown_wool":2,"minecraft:smoker":25,"minecraft:flint":491,"minecraft:lantern":72,"minecraft:chipped_anvil":1,"minecraft:dark_oak_sign":7,"minecraft:diamond_helmet":3,"minecraft:glowstone_dust":9,"minecraft:ink_sac":136,"minecraft:dead_fire_coral_fan":5,"minecraft:dark_oak_log":5346,"minecraft:barrel":14,"minecraft:quartz_bricks":13,"minecraft:iron_hoe":1,"minecraft:black_concrete_powder":19,"minecraft:lever":3,"minecraft:granite":321,"minecraft:chainmail_helmet":6,"minecraft:bread":86,"minecraft:dark_oak_fence":26,"minecraft:diamond_pickaxe":5,"minecraft:magenta_glazed_terracotta":3,"minecraft:lime_stained_glass_pane":3,"minecraft:crafting_table":86,"minecraft:bee_nest":7,"minecraft:bubble_coral_fan":3,"minecraft:nether_wart":34,"minecraft:redstone_lamp":1,"minecraft:acacia_button":3,"minecraft:cornflower":17,"minecraft:red_bed":1,"minecraft:flint_and_steel":3,"minecraft:snow":36,"minecraft:compass":27,"minecraft:glass_pane":65,"minecraft:cracked_stone_bricks":4,"minecraft:netherite_sword":3,"minecraft:beef":75,"minecraft:iron_nugget":58,"minecraft:poppy":34,"minecraft:minecart":4,"minecraft:chest":139,"minecraft:birch_sapling":40,"minecraft:egg":5,"minecraft:sandstone":12,"minecraft:stone":4940,"minecraft:fire_charge":1,"minecraft:carrot":15,"minecraft:redstone":1972,"minecraft:netherite_pickaxe":3,"minecraft:prismarine_crystals":2,"minecraft:tnt":3,"minecraft:stone_shovel":8,"minecraft:diamond_chestplate":2,"minecraft:peony":2,"minecraft:tube_coral_fan":4,"minecraft:shears":1,"minecraft:diamond_boots":2,"minecraft:hay_block":35,"minecraft:gold_ingot":69,"minecraft:mutton":58,"minecraft:white_wool":51,"minecraft:bone_block":193,"minecraft:rail":12,"minecraft:oxeye_daisy":29,"minecraft:lapis_ore":35,"minecraft:stripped_oak_log":52,"minecraft:birch_leaves":110,"minecraft:oak_log":1008,"minecraft:lily_pad":14,"minecraft:ancient_debris":42,"minecraft:paper":125,"minecraft:white_banner":9,"minecraft:spawner":3,"minecraft:apple":28,"minecraft:stone_bricks":424,"minecraft:stone_pickaxe":10,"minecraft:iron_ore":1475,"minecraft:glass_bottle":4,"minecraft:iron_sword":2,"minecraft:dark_oak_stairs":42,"minecraft:white_stained_glass_pane":2,"minecraft:dark_oak_slab":127,"minecraft:sweet_berries":10,"minecraft:gravel":2759,"minecraft:birch_stairs":45,"minecraft:spruce_sapling":1,"minecraft:light_blue_stained_glass":150,"minecraft:crying_obsidian":1,"minecraft:diamond_shovel":5,"minecraft:red_stained_glass":42,"minecraft:coal_ore":555,"minecraft:slime_ball":221,"minecraft:stone_axe":7,"minecraft:redstone_ore":17,"minecraft:diamond_axe":6,"minecraft:birch_sign":1,"minecraft:gray_wool":2,"minecraft:stripped_dark_oak_log":18,"minecraft:smooth_quartz_slab":151,"minecraft:hopper":4,"minecraft:ender_pearl":12,"minecraft:wheat":312,"minecraft:black_carpet":17,"minecraft:ender_chest":66,"minecraft:dead_horn_coral_fan":3,"minecraft:turtle_egg":14,"minecraft:potion":1,"minecraft:brain_coral_block":1,"minecraft:stone_brick_stairs":53,"minecraft:cod_bucket":1,"minecraft:lapis_block":45,"minecraft:smooth_stone_slab":155,"minecraft:iron_leggings":2,"minecraft:sticky_piston":6,"minecraft:netherite_ingot":1,"minecraft:experience_bottle":1,"minecraft:zombie_head":4,"minecraft:sea_pickle":8,"minecraft:smooth_stone":85,"minecraft:bucket":1,"minecraft:dark_oak_leaves":2,"minecraft:light_weighted_pressure_plate":1,"minecraft:smooth_quartz":403,"minecraft:smooth_quartz_stairs":104,"minecraft:furnace":48,"minecraft:tipped_arrow":3,"minecraft:stick":1230,"minecraft:birch_trapdoor":23,"minecraft:brown_terracotta":10,"minecraft:oak_fence":1,"minecraft:torch":591,"minecraft:porkchop":37,"minecraft:netherite_shovel":3,"minecraft:villager_spawn_egg":126,"minecraft:dead_brain_coral_fan":3,"minecraft:diorite":701,"minecraft:blue_stained_glass":20,"minecraft:nether_gold_ore":111,"minecraft:cactus":137,"minecraft:rotten_flesh":929,"minecraft:fire_coral_fan":5,"minecraft:obsidian":93,"minecraft:cobblestone":5751,"minecraft:nautilus_shell":2,"minecraft:lilac":4,"minecraft:repeater":23,"minecraft:magma_cream":55,"minecraft:andesite":822,"minecraft:black_bed":1,"minecraft:potato":12,"minecraft:horn_coral":1,"minecraft:lapis_lazuli":1755,"minecraft:dirt":5741,"minecraft:stripped_birch_log":22,"minecraft:name_tag":1,"minecraft:leather_boots":1,"minecraft:glass":1092,"minecraft:bone":264,"minecraft:bow":17,"minecraft:wheat_seeds":927,"minecraft:light_blue_dye":60,"minecraft:grindstone":5,"minecraft:netherite_axe":2,"minecraft:purple_stained_glass_pane":8,"minecraft:fletching_table":34,"minecraft:bamboo":6540,"minecraft:oak_planks":288,"minecraft:stone_hoe":12,"minecraft:brain_coral":1,"minecraft:ghast_tear":7,"minecraft:cooked_porkchop":31,"minecraft:black_stained_glass_pane":58,"minecraft:sand":4158,"minecraft:grass_block":1347,"minecraft:diamond_block":30,"minecraft:chiseled_sandstone":2,"minecraft:mossy_cobblestone":1,"minecraft:light_gray_terracotta":8,"minecraft:clay":1,"minecraft:diamond":477,"minecraft:slime_block":22,"minecraft:black_concrete":93,"minecraft:soul_lantern":14,"minecraft:yellow_stained_glass_pane":80,"minecraft:cracked_polished_blackstone_bricks":7,"minecraft:crossbow":2,"minecraft:grass":16,"minecraft:bone_meal":12,"minecraft:golden_apple":20,"minecraft:white_concrete":6143,"minecraft:emerald":278,"minecraft:oak_sapling":125,"minecraft:netherrack":8438,"minecraft:oak_leaves":1983,"minecraft:fishing_rod":1,"minecraft:charcoal":6,"minecraft:azure_bluet":5,"minecraft:splash_potion":1,"minecraft:chicken":21,"minecraft:ladder":21,"minecraft:brown_mushroom":25,"minecraft:packed_ice":1395,"minecraft:wooden_pickaxe":6,"minecraft:stone_brick_wall":7,"minecraft:gold_block":7,"minecraft:diamond_horse_armor":1,"minecraft:chain":3,"minecraft:iron_axe":5,"minecraft:blackstone":15,"minecraft:detector_rail":13,"minecraft:oak_boat":12,"minecraft:observer":3,"minecraft:lectern":509,"minecraft:sugar_cane":2906,"minecraft:dark_oak_sapling":125,"minecraft:red_stained_glass_pane":30,"minecraft:bowl":1,"minecraft:note_block":1,"minecraft:polished_blackstone_bricks":2,"minecraft:stone_button":2,"minecraft:cookie":155,"minecraft:trident":6,"minecraft:dark_oak_planks":387,"minecraft:arrow":420,"minecraft:light_blue_stained_glass_pane":98,"minecraft:pumpkin_pie":2,"minecraft:nether_bricks":6,"minecraft:saddle":10,"minecraft:skeleton_skull":2,"minecraft:basalt":1,"minecraft:golden_carrot":95,"minecraft:salmon":12,"minecraft:leather":148,"minecraft:cut_sandstone":22,"minecraft:birch_planks":182,"minecraft:chainmail_chestplate":7,"minecraft:yellow_glazed_terracotta":17,"minecraft:cobblestone_wall":13,"minecraft:yellow_bed":8,"minecraft:gunpowder":123,"minecraft:cobblestone_stairs":3,"minecraft:orange_terracotta":5,"minecraft:cooked_mutton":15,"minecraft:red_carpet":45,"minecraft:iron_ingot":215,"minecraft:soul_sand":153,"minecraft:green_dye":70,"minecraft:book":171,"minecraft:scaffolding":488,"minecraft:nether_quartz_ore":22,"minecraft:birch_boat":3,"minecraft:pumpkin":6,"minecraft:chiseled_stone_bricks":4,"minecraft:stone_brick_slab":5,"minecraft:quartz":4576,"minecraft:dandelion":85,"minecraft:brain_coral_fan":3,"minecraft:blast_furnace":27,"minecraft:white_bed":26,"minecraft:gold_ore":176,"minecraft:dark_oak_fence_gate":2,"minecraft:mossy_stone_brick_slab":1,"minecraft:spider_eye":79,"minecraft:pumpkin_seeds":24,"minecraft:white_concrete_powder":587,"minecraft:chainmail_leggings":16,"minecraft:iron_helmet":2,"minecraft:terracotta":16,"minecraft:netherite_hoe":5,"minecraft:black_wool":1,"minecraft:dark_oak_wood":1,"minecraft:coal":6171},"minecraft:crafted":{"minecraft:red_stained_glass_pane":136,"minecraft:black_dye":98,"minecraft:smooth_stone":223,"minecraft:blaze_powder":6,"minecraft:chain":15,"minecraft:birch_slab":204,"minecraft:blue_stained_glass_pane":256,"minecraft:slime_block":21,"minecraft:lever":1,"minecraft:bookshelf":39,"minecraft:cooked_mutton":28,"minecraft:quartz_block":1122,"minecraft:glass":2094,"minecraft:diamond_helmet":4,"minecraft:repeater":7,"minecraft:diamond_leggings":4,"minecraft:white_glazed_terracotta":1,"minecraft:stone_pressure_plate":1,"minecraft:tipped_arrow":60,"minecraft:iron_door":3,"minecraft:cyan_banner":6,"minecraft:name_tag":1,"minecraft:glass_bottle":6,"minecraft:blue_stained_glass":72,"minecraft:emerald":1638,"minecraft:smooth_quartz":922,"minecraft:cooked_porkchop":101,"minecraft:diamond_axe":2,"minecraft:smithing_table":3,"minecraft:sticky_piston":2,"minecraft:fletching_table":5,"minecraft:campfire":12,"minecraft:painting":6,"minecraft:stone_brick_stairs":136,"minecraft:iron_pickaxe":8,"minecraft:iron_block":37,"minecraft:gold_ingot":330,"minecraft:netherite_ingot":10,"minecraft:composter":1,"minecraft:birch_stairs":4,"minecraft:golden_carrot":240,"minecraft:rabbit_stew":7,"minecraft:smooth_stone_slab":108,"minecraft:iron_nugget":4009,"minecraft:experience_bottle":14,"minecraft:soul_torch":448,"minecraft:bone_meal":27,"minecraft:lime_stained_glass_pane":104,"minecraft:lantern":273,"minecraft:netherite_axe":2,"minecraft:diamond":117,"minecraft:dark_oak_fence":99,"minecraft:detector_rail":6,"minecraft:black_concrete_powder":224,"minecraft:ladder":42,"minecraft:yellow_glazed_terracotta":8,"minecraft:ender_pearl":5,"minecraft:stone_pickaxe":2,"minecraft:diamond_boots":3,"minecraft:redstone_block":174,"minecraft:dark_oak_planks":13528,"minecraft:chainmail_leggings":12,"minecraft:wheat":9,"minecraft:coal_block":397,"minecraft:purple_stained_glass_pane":128,"minecraft:netherite_pickaxe":4,"minecraft:enchanting_table":1,"minecraft:red_bed":11,"minecraft:yellow_stained_glass_pane":176,"minecraft:glowstone":24,"minecraft:enchanted_book":40,"minecraft:magenta_glazed_terracotta":7,"minecraft:red_stained_glass":72,"minecraft:soul_lantern":207,"minecraft:golden_apple":135,"minecraft:chainmail_boots":18,"minecraft:fermented_spider_eye":1,"minecraft:birch_trapdoor":14,"minecraft:black_stained_glass_pane":344,"minecraft:iron_shovel":7,"minecraft:iron_leggings":12,"minecraft:white_bed":1,"minecraft:brick":110,"minecraft:oak_planks":4536,"minecraft:barrel":76,"minecraft:birch_wood":48,"minecraft:dark_oak_boat":12,"minecraft:leather_horse_armor":2,"minecraft:quartz_bricks":64,"minecraft:cooked_chicken":11,"minecraft:stone":73,"minecraft:suspicious_stew":7,"minecraft:green_dye":115,"minecraft:dark_oak_door":9,"minecraft:hopper":20,"minecraft:stone_brick_slab":6,"minecraft:bow":1,"minecraft:iron_boots":1,"minecraft:chest":354,"minecraft:yellow_terracotta":8,"minecraft:cod_bucket":12,"minecraft:chiseled_stone_bricks":48,"minecraft:stone_hoe":10,"minecraft:stone_bricks":1572,"minecraft:smoker":30,"minecraft:arrow":16,"minecraft:map":12,"minecraft:crafting_table":10,"minecraft:iron_helmet":11,"minecraft:baked_potato":4,"minecraft:wooden_pickaxe":1,"minecraft:chainmail_chestplate":15,"minecraft:light_gray_banner":5,"minecraft:brewing_stand":1,"minecraft:birch_planks":6700,"minecraft:tnt":1,"minecraft:apple":244,"minecraft:dark_oak_slab":60,"minecraft:iron_chestplate":1,"minecraft:book":55,"minecraft:yellow_dye":24,"minecraft:paper":2558,"minecraft:diamond_pickaxe":9,"minecraft:purple_dye":64,"minecraft:stick":38180,"minecraft:iron_ingot":1660,"minecraft:light_blue_dye":98,"minecraft:netherite_hoe":2,"minecraft:leather_chestplate":20,"minecraft:snow_block":23,"minecraft:light_blue_stained_glass":88,"minecraft:redstone_torch":24,"minecraft:dark_oak_fence_gate":1,"minecraft:shears":12,"minecraft:polished_andesite":32,"minecraft:cookie":468,"minecraft:redstone":1614,"minecraft:coal":2409,"minecraft:stone_brick_wall":30,"minecraft:fishing_rod":3,"minecraft:netherite_sword":2,"minecraft:leather_boots":12,"minecraft:furnace":75,"minecraft:blast_furnace":31,"minecraft:piston":2,"minecraft:dark_oak_trapdoor":74,"minecraft:dark_oak_sign":9,"minecraft:smooth_quartz_stairs":292,"minecraft:diamond_block":42,"minecraft:glass_pane":1504,"minecraft:flint_and_steel":2,"minecraft:scaffolding":114,"minecraft:white_concrete_powder":80,"minecraft:iron_axe":23,"minecraft:iron_hoe":4,"minecraft:lime_dye":128,"minecraft:cobblestone_wall":6,"minecraft:smooth_quartz_slab":204,"minecraft:netherite_scrap":43,"minecraft:minecart":1,"minecraft:observer":1,"minecraft:cooked_beef":26,"minecraft:sugar":19,"minecraft:red_dye":65,"minecraft:light_blue_stained_glass_pane":736,"minecraft:diamond_sword":2,"minecraft:iron_sword":6,"minecraft:bucket":3,"minecraft:stone_axe":2,"minecraft:air":0,"minecraft:bread":737,"minecraft:blue_dye":138,"minecraft:oak_boat":2,"minecraft:white_dye":91,"minecraft:netherite_shovel":2,"minecraft:blue_wool":16,"minecraft:anvil":2,"minecraft:stonecutter":2,"minecraft:pumpkin_pie":216,"minecraft:torch":396,"minecraft:lapis_lazuli":996,"minecraft:lapis_block":208,"minecraft:diamond_chestplate":3},"minecraft:used":{"minecraft:peony":1,"minecraft:smooth_quartz_slab":235,"minecraft:ladder":53,"minecraft:poppy":17,"minecraft:black_carpet":82,"minecraft:chest":438,"minecraft:stone":1135,"minecraft:rotten_flesh":26,"minecraft:soul_sand":53,"minecraft:blue_stained_glass":84,"minecraft:snowball":57,"minecraft:acacia_button":15,"minecraft:azure_bluet":4,"minecraft:packed_ice":2,"minecraft:lava_bucket":22,"minecraft:netherite_shovel":2120,"minecraft:villager_spawn_egg":14,"minecraft:black_stained_glass_pane":370,"minecraft:grass_block":5988,"minecraft:birch_sapling":3,"minecraft:netherite_hoe":1,"minecraft:dark_oak_leaves":1,"minecraft:dark_oak_slab":15,"minecraft:stone_brick_stairs":161,"minecraft:red_stained_glass_pane":210,"minecraft:bow":351,"minecraft:sweet_berries":10,"minecraft:furnace":60,"minecraft:yellow_glazed_terracotta":17,"minecraft:oak_sapling":15,"minecraft:egg":5,"minecraft:diorite":40,"minecraft:stripped_birch_log":25,"minecraft:red_stained_glass":135,"minecraft:blackstone":3,"minecraft:wooden_pickaxe":7,"minecraft:composter":30,"minecraft:clay":1,"minecraft:smooth_quartz_stairs":435,"minecraft:oak_leaves":580,"minecraft:golden_apple":128,"minecraft:dark_oak_trapdoor":21,"minecraft:sand":6,"minecraft:blast_furnace":59,"minecraft:black_concrete_powder":117,"minecraft:birch_slab":130,"minecraft:zombie_head":4,"minecraft:stone_button":4,"minecraft:white_glazed_terracotta":1,"minecraft:lectern":373,"minecraft:diamond_ore":73,"minecraft:lilac":1,"minecraft:soul_lantern":221,"minecraft:pufferfish":1,"minecraft:diamond_sword":1808,"minecraft:smithing_table":9,"minecraft:dark_oak_fence":195,"minecraft:birch_log":558,"minecraft:oak_boat":16,"minecraft:enchanting_table":2,"minecraft:brain_coral_fan":3,"minecraft:carved_pumpkin":5,"minecraft:netherrack":840,"minecraft:torch":1893,"minecraft:brewing_stand":3,"minecraft:anvil":19,"minecraft:nether_quartz_ore":21,"minecraft:stone_stairs":9,"minecraft:blue_concrete":67,"minecraft:iron_block":1,"minecraft:light_weighted_pressure_plate":3,"minecraft:iron_axe":2240,"minecraft:slime_block":24,"minecraft:smooth_quartz":336,"minecraft:barrel":115,"minecraft:basalt":1,"minecraft:beef":12,"minecraft:golden_axe":32,"minecraft:horn_coral_fan":6,"minecraft:observer":2,"minecraft:wheat_seeds":353,"minecraft:water_bucket":1148,"minecraft:birch_planks":838,"minecraft:lead":6,"minecraft:cartography_table":2,"minecraft:bubble_coral_fan":3,"minecraft:cauldron":10,"minecraft:fletching_table":43,"minecraft:horse_spawn_egg":72,"minecraft:salmon":1,"minecraft:diamond_block":15,"minecraft:tnt":4,"minecraft:crafting_table":94,"minecraft:red_bed":6,"minecraft:birch_sign":28,"minecraft:white_bed":26,"minecraft:campfire":4,"minecraft:dark_oak_fence_gate":8,"minecraft:cod":1,"minecraft:oak_log":1,"minecraft:blue_stained_glass_pane":205,"minecraft:oxeye_daisy":15,"minecraft:diamond_pickaxe":61719,"minecraft:cornflower":1,"minecraft:diamond_shovel":12299,"minecraft:iron_pickaxe":1804,"minecraft:suspicious_stew":2,"minecraft:cobblestone":971,"minecraft:potion":1,"minecraft:cooked_porkchop":31,"minecraft:porkchop":4,"minecraft:glass_pane":170,"minecraft:stripped_oak_log":31,"minecraft:dandelion":11,"minecraft:light_blue_stained_glass_pane":789,"minecraft:iron_shovel":1011,"minecraft:diamond_hoe":233,"minecraft:bone_block":4,"minecraft:white_concrete_powder":4089,"minecraft:white_terracotta":1,"minecraft:creeper_head":4,"minecraft:iron_sword":587,"minecraft:zombie_spawn_egg":9,"minecraft:nether_bricks":6,"minecraft:carrot":4,"minecraft:beehive":1,"minecraft:obsidian":68,"minecraft:glass":164,"minecraft:coal_ore":362,"minecraft:lantern":353,"minecraft:dark_oak_wood":1,"minecraft:stone_bricks":1109,"minecraft:repeater":16,"minecraft:birch_trapdoor":9,"minecraft:red_carpet":279,"minecraft:redstone_lamp":1,"minecraft:magma_block":1,"minecraft:hay_block":34,"minecraft:scaffolding":596,"minecraft:skeleton_skull":2,"minecraft:fire_coral_fan":5,"minecraft:dark_oak_sapling":110,"minecraft:dark_oak_stairs":1,"minecraft:stone_pickaxe":103,"minecraft:gray_carpet":3,"minecraft:dark_oak_sign":17,"minecraft:oak_planks":102,"minecraft:ender_pearl":4,"minecraft:sugar_cane":275,"minecraft:diamond_axe":9418,"minecraft:white_wool":23,"minecraft:brain_coral":1,"minecraft:golden_hoe":2,"minecraft:stone_brick_wall":29,"minecraft:sponge":11,"minecraft:lime_stained_glass_pane":103,"minecraft:lingering_potion":4,"minecraft:loom":5,"minecraft:crossbow":1,"minecraft:black_bed":1,"minecraft:note_block":1,"minecraft:shears":2117,"minecraft:sticky_piston":4,"minecraft:lever":5,"minecraft:black_concrete":82,"minecraft:dark_oak_log":291,"minecraft:bread":23,"minecraft:gravel":48,"minecraft:iron_door":5,"minecraft:dead_horn_coral_fan":3,"minecraft:andesite":52,"minecraft:chain":96,"minecraft:grindstone":11,"minecraft:smooth_stone_slab":148,"minecraft:white_concrete":4483,"minecraft:bone_meal":9,"minecraft:experience_bottle":1856,"minecraft:netherite_sword":573,"minecraft:oak_fence":28,"minecraft:trident":587,"minecraft:flint_and_steel":177,"minecraft:redstone_ore":17,"minecraft:redstone":26,"minecraft:zombie_villager_spawn_egg":9,"minecraft:ender_chest":67,"minecraft:cooked_chicken":11,"minecraft:dirt":4078,"minecraft:hopper":32,"minecraft:cobblestone_wall":1,"minecraft:granite":14,"minecraft:light_blue_stained_glass":29,"minecraft:iron_hoe":830,"minecraft:purple_stained_glass_pane":94,"minecraft:dark_oak_planks":1901,"minecraft:stone_brick_slab":202,"minecraft:bookshelf":64,"minecraft:golden_carrot":381,"minecraft:soul_soil":46,"minecraft:white_stained_glass_pane":2,"minecraft:minecart":4,"minecraft:netherite_pickaxe":5499,"minecraft:cooked_beef":17,"minecraft:pumpkin":6,"minecraft:turtle_egg":2,"minecraft:turtle_spawn_egg":4,"minecraft:quartz_bricks":13,"minecraft:cooked_mutton":33,"minecraft:iron_ore":5,"minecraft:snow_block":23,"minecraft:glass_bottle":6,"minecraft:baked_potato":4,"minecraft:stonecutter":3,"minecraft:stripped_dark_oak_log":14,"minecraft:strider_spawn_egg":1,"minecraft:spider_eye":1,"minecraft:yellow_stained_glass_pane":225,"minecraft:dark_oak_door":32,"minecraft:smoker":57,"minecraft:apple":8,"minecraft:cracked_polished_blackstone_bricks":6,"minecraft:chicken":2,"minecraft:netherite_axe":1243,"minecraft:lapis_ore":35,"minecraft:detector_rail":2,"minecraft:stone_axe":72,"minecraft:bucket":964,"minecraft:lapis_block":199,"minecraft:pumpkin_pie":53,"minecraft:grass_path":64,"minecraft:magenta_glazed_terracotta":3,"minecraft:yellow_bed":7,"minecraft:splash_potion":7,"minecraft:smooth_stone":660,"minecraft:pillager_spawn_egg":5,"minecraft:birch_stairs":7},"minecraft:broken":{"minecraft:diamond_helmet":1,"minecraft:shears":9,"minecraft:iron_boots":1,"minecraft:iron_chestplate":1,"minecraft:iron_leggings":1,"minecraft:iron_sword":1,"minecraft:iron_hoe":3,"minecraft:diamond_leggings":1,"minecraft:iron_axe":8,"minecraft:iron_pickaxe":7,"minecraft:iron_helmet":1,"minecraft:iron_shovel":3,"minecraft:stone_axe":1,"minecraft:diamond_chestplate":1,"minecraft:flint_and_steel":1,"minecraft:golden_axe":1},"minecraft:custom":{"minecraft:interact_with_crafting_table":458,"minecraft:open_barrel":364,"minecraft:bell_ring":11,"minecraft:leave_game":106,"minecraft:time_since_death":116359,"minecraft:deaths":101,"minecraft:jump":61033,"minecraft:enchant_item":34,"minecraft:interact_with_furnace":490,"minecraft:traded_with_villager":2472,"minecraft:sleep_in_bed":178,"minecraft:damage_dealt":183384,"minecraft:interact_with_smoker":84,"minecraft:use_cauldron":1,"minecraft:interact_with_smithing_table":11,"minecraft:horse_one_cm":5260962,"minecraft:inspect_dropper":42,"minecraft:interact_with_anvil":110,"minecraft:inspect_hopper":11,"minecraft:damage_dealt_absorbed":4,"minecraft:sneak_time":315145,"minecraft:interact_with_blast_furnace":287,"minecraft:tune_noteblock":282,"minecraft:interact_with_stonecutter":3,"minecraft:time_since_rest":29037,"minecraft:swim_one_cm":745899,"minecraft:fly_one_cm":15249339,"minecraft:open_chest":2615,"minecraft:fall_one_cm":1766985,"minecraft:animals_bred":15,"minecraft:sprint_one_cm":9597689,"minecraft:drop":2593,"minecraft:play_noteblock":35,"minecraft:talked_to_villager":1468,"minecraft:interact_with_brewingstand":16,"minecraft:walk_on_water_one_cm":724572,"minecraft:play_one_minute":4386095,"minecraft:open_enderchest":89,"minecraft:player_kills":4,"minecraft:crouch_one_cm":987434,"minecraft:mob_kills":1465,"minecraft:fill_cauldron":4,"minecraft:climb_one_cm":450784,"minecraft:walk_one_cm":9751673,"minecraft:raid_win":3,"minecraft:walk_under_water_one_cm":810606,"minecraft:boat_one_cm":145240,"minecraft:raid_trigger":2,"minecraft:interact_with_grindstone":24,"minecraft:damage_taken":51496,"minecraft:damage_absorbed":1883},"minecraft:killed":{"minecraft:dolphin":1,"minecraft:pufferfish":2,"minecraft:skeleton":192,"minecraft:chicken":16,"minecraft:tropical_fish":1,"minecraft:cat":4,"minecraft:magma_cube":44,"minecraft:salmon":11,"minecraft:iron_golem":12,"minecraft:pillager":31,"minecraft:zombie":242,"minecraft:cow":42,"minecraft:vindicator":6,"minecraft:horse":31,"minecraft:snow_golem":1,"minecraft:wandering_trader":6,"minecraft:ravager":1,"minecraft:enderman":5,"minecraft:zombified_piglin":159,"minecraft:witch":8,"minecraft:spider":83,"minecraft:piglin_brute":11,"minecraft:piglin":41,"minecraft:pig":28,"minecraft:zombie_villager":4,"minecraft:strider":1,"minecraft:creeper":61,"minecraft:sheep":32,"minecraft:trader_llama":7,"minecraft:ghast":15,"minecraft:stray":2,"minecraft:blaze":6,"minecraft:slime":108,"minecraft:panda":2,"minecraft:llama":6,"minecraft:drowned":56,"minecraft:bat":1,"minecraft:hoglin":1,"minecraft:squid":48,"minecraft:villager":30},"minecraft:dropped":{"minecraft:iron_sword":6,"minecraft:porkchop":9,"minecraft:lapis_lazuli":181,"minecraft:cooked_beef":10,"minecraft:glass_bottle":3,"minecraft:diamond":150,"minecraft:crafting_table":2,"minecraft:cooked_porkchop":21,"minecraft:crossbow":2,"minecraft:cookie":514,"minecraft:fletching_table":1,"minecraft:saddle":2,"minecraft:rail":11,"minecraft:light_weighted_pressure_plate":1,"minecraft:emerald":206,"minecraft:dirt":1005,"minecraft:grass":16,"minecraft:dark_oak_fence":18,"minecraft:dark_oak_trapdoor":1,"minecraft:horn_coral":1,"minecraft:chain":3,"minecraft:gold_nugget":136,"minecraft:bone_meal":1,"minecraft:bone_block":131,"minecraft:sand":600,"minecraft:dark_oak_planks":199,"minecraft:birch_stairs":38,"minecraft:white_wool":25,"minecraft:bone":205,"minecraft:dark_oak_door":2,"minecraft:stone_axe":2,"minecraft:compass":27,"minecraft:sugar_cane":14,"minecraft:diamond_block":15,"minecraft:iron_nugget":18,"minecraft:birch_sapling":37,"minecraft:netherite_sword":1,"minecraft:wheat":21,"minecraft:obsidian":28,"minecraft:rotten_flesh":839,"minecraft:oak_planks":115,"minecraft:lime_dye":51,"minecraft:glowstone_dust":8,"minecraft:quartz_bricks":72,"minecraft:white_bed":2,"minecraft:azure_bluet":1,"minecraft:yellow_stained_glass_pane":14,"minecraft:tipped_arrow":1,"minecraft:coal_ore":98,"minecraft:charcoal":2,"minecraft:cod_bucket":1,"minecraft:jungle_log":3,"minecraft:glass":707,"minecraft:beef":55,"minecraft:purple_stained_glass_pane":42,"minecraft:ghast_tear":1,"minecraft:stone_brick_stairs":16,"minecraft:white_glazed_terracotta":1,"minecraft:lectern":18,"minecraft:enchanted_book":13,"minecraft:iron_ingot":119,"minecraft:blue_stained_glass_pane":570,"minecraft:netherite_pickaxe":1,"minecraft:birch_leaves":110,"minecraft:wheat_seeds":384,"minecraft:horn_coral_block":1,"minecraft:oak_fence":1,"minecraft:iron_helmet":12,"minecraft:feather":15,"minecraft:cobblestone":3692,"minecraft:book":57,"minecraft:apple":8,"minecraft:granite":279,"minecraft:chainmail_helmet":5,"minecraft:coal":65,"minecraft:golden_apple":64,"minecraft:oxeye_daisy":13,"minecraft:dark_oak_leaves":1,"minecraft:gray_wool":2,"minecraft:golden_carrot":69,"minecraft:ink_sac":38,"minecraft:diamond_helmet":5,"minecraft:brown_terracotta":8,"minecraft:oak_stairs":78,"minecraft:smooth_stone":11,"minecraft:iron_shovel":3,"minecraft:chainmail_leggings":18,"minecraft:paper":156,"minecraft:string":128,"minecraft:lily_pad":14,"minecraft:spruce_sapling":1,"minecraft:stone_brick_slab":5,"minecraft:furnace":3,"minecraft:soul_soil":160,"minecraft:cobblestone_wall":1,"minecraft:dark_oak_sign":1,"minecraft:smooth_stone_slab":2,"minecraft:bowl":3,"minecraft:experience_bottle":78,"minecraft:stone_shovel":6,"minecraft:grass_path":1,"minecraft:chicken":9,"minecraft:white_terracotta":10,"minecraft:diamond_ore":1,"minecraft:shears":3,"minecraft:suspicious_stew":1,"minecraft:blast_furnace":2,"minecraft:diamond_sword":5,"minecraft:potato":22,"minecraft:brain_coral_block":1,"minecraft:stone":1490,"minecraft:sea_pickle":3,"minecraft:peony":1,"minecraft:diamond_pickaxe":6,"minecraft:yellow_bed":1,"minecraft:barrel":1,"minecraft:stone_bricks":386,"minecraft:spider_eye":68,"minecraft:birch_boat":2,"minecraft:sandstone":12,"minecraft:bow":12,"minecraft:magma_block":177,"minecraft:black_wool":1,"minecraft:terracotta":13,"minecraft:gold_ore":11,"minecraft:soul_sand":35,"minecraft:birch_planks":40,"minecraft:diamond_axe":5,"minecraft:oak_log":5,"minecraft:dark_oak_sapling":15,"minecraft:leather":26,"minecraft:tube_coral_fan":4,"minecraft:birch_slab":10,"minecraft:flint":5,"minecraft:cobblestone_stairs":3,"minecraft:cracked_polished_blackstone_bricks":1,"minecraft:dark_oak_log":609,"minecraft:netherite_scrap":4,"minecraft:cornflower":16,"minecraft:mutton":27,"minecraft:seagrass":5,"minecraft:cut_sandstone":22,"minecraft:snowball":18,"minecraft:pumpkin_pie":32,"minecraft:dead_bubble_coral_fan":3,"minecraft:black_concrete":3,"minecraft:birch_log":513,"minecraft:cauldron":1,"minecraft:gravel":230,"minecraft:blackstone":12,"minecraft:diamond_shovel":3,"minecraft:cooked_mutton":10,"minecraft:carrot":1,"minecraft:chainmail_chestplate":21,"minecraft:chiseled_stone_bricks":2,"minecraft:poppy":16,"minecraft:trident":1,"minecraft:gunpowder":109,"minecraft:birch_trapdoor":1,"minecraft:horn_coral_fan":1,"minecraft:chest":4,"minecraft:bee_nest":2,"minecraft:stone_brick_wall":4,"minecraft:chainmail_boots":24,"minecraft:iron_ore":1,"minecraft:arrow":151,"minecraft:white_concrete_powder":2286,"minecraft:scaffolding":72,"minecraft:quartz":43,"minecraft:splash_potion":1,"minecraft:netherrack":6671,"minecraft:spawner":1,"minecraft:stone_hoe":21,"minecraft:bread":687,"minecraft:lilac":3,"minecraft:mossy_cobblestone":1,"minecraft:bookshelf":4,"minecraft:diamond_leggings":2,"minecraft:netherite_axe":2,"minecraft:golden_axe":9,"minecraft:lead":1,"minecraft:grass_block":253,"minecraft:stick":250,"minecraft:blue_dye":14,"minecraft:diorite":547,"minecraft:nether_gold_ore":1,"minecraft:light_blue_stained_glass":108,"minecraft:torch":32,"minecraft:green_dye":70,"minecraft:white_concrete":879,"minecraft:smooth_quartz":450,"minecraft:brown_wool":2,"minecraft:fire_charge":1,"minecraft:iron_leggings":1,"minecraft:smooth_quartz_slab":65,"minecraft:iron_axe":17,"minecraft:cactus":9,"minecraft:light_blue_stained_glass_pane":12,"minecraft:bucket":3,"minecraft:lapis_block":15,"minecraft:chiseled_sandstone":2,"minecraft:dandelion":50,"minecraft:redstone":13,"minecraft:anvil":2,"minecraft:ender_chest":3,"minecraft:light_gray_terracotta":7,"minecraft:iron_hoe":2,"minecraft:villager_spawn_egg":1,"minecraft:glass_pane":152,"minecraft:flint_and_steel":2,"minecraft:snow":36,"minecraft:diamond_chestplate":3,"minecraft:orange_terracotta":4,"minecraft:andesite":378,"minecraft:oak_boat":2,"minecraft:oak_sapling":56,"minecraft:golden_sword":19,"minecraft:diamond_boots":3,"minecraft:slime_ball":20,"minecraft:stone_pickaxe":8,"minecraft:wooden_pickaxe":6,"minecraft:nether_quartz_ore":1,"minecraft:magma_cream":5},"minecraft:mined":{"minecraft:dark_oak_planks":130,"minecraft:dead_horn_coral_fan":1,"minecraft:white_bed":24,"minecraft:fire_coral_wall_fan":5,"minecraft:obsidian":70,"minecraft:granite":296,"minecraft:stone_brick_wall":7,"minecraft:jungle_log":10,"minecraft:oxeye_daisy":16,"minecraft:hopper":4,"minecraft:chiseled_stone_bricks":2,"minecraft:red_stained_glass_pane":30,"minecraft:nether_wart":25,"minecraft:spawner":4,"minecraft:light_blue_stained_glass":18,"minecraft:polished_blackstone_bricks":8,"minecraft:tall_seagrass":87,"minecraft:magma_block":4064,"minecraft:dark_oak_trapdoor":5,"minecraft:sticky_piston":2,"minecraft:barrel":13,"minecraft:fire":242,"minecraft:dead_fire_coral_wall_fan":2,"minecraft:fletching_table":33,"minecraft:lime_stained_glass_pane":3,"minecraft:oak_stairs":30,"minecraft:iron_block":1,"minecraft:brown_mushroom":25,"minecraft:cut_sandstone":24,"minecraft:red_bed":1,"minecraft:kelp_plant":2,"minecraft:crimson_nylium":4,"minecraft:smoker":25,"minecraft:soul_fire":15,"minecraft:blue_stained_glass":20,"minecraft:torch":258,"minecraft:note_block":1,"minecraft:dark_oak_wood":1,"minecraft:blast_furnace":25,"minecraft:melon":5,"minecraft:white_stained_glass_pane":2,"minecraft:dead_bush":2,"minecraft:dead_brain_coral_fan":3,"minecraft:smooth_quartz_slab":83,"minecraft:glass":32,"minecraft:tube_coral_fan":2,"minecraft:sugar_cane":1637,"minecraft:white_terracotta":8,"minecraft:chain":1,"minecraft:repeater":9,"minecraft:black_concrete_powder":16,"minecraft:wheat":269,"minecraft:lilac":8,"minecraft:magenta_glazed_terracotta":1,"minecraft:black_bed":1,"minecraft:yellow_glazed_terracotta":17,"minecraft:stone_brick_stairs":17,"minecraft:grass":1078,"minecraft:dark_oak_sapling":4,"minecraft:smooth_quartz":338,"minecraft:red_mushroom_block":10,"minecraft:light_blue_stained_glass_pane":99,"minecraft:blue_stained_glass_pane":173,"minecraft:mossy_cobblestone":1,"minecraft:stripped_birch_log":22,"minecraft:dark_oak_log":5062,"minecraft:nether_bricks":8,"minecraft:dark_oak_fence":27,"minecraft:redstone_wire":3,"minecraft:horn_coral_wall_fan":11,"minecraft:white_concrete_powder":44,"minecraft:horn_coral":2,"minecraft:black_stained_glass_pane":62,"minecraft:redstone_ore":373,"minecraft:snow":301,"minecraft:andesite":751,"minecraft:diamond_block":15,"minecraft:white_glazed_terracotta":1,"minecraft:vine":1,"minecraft:rail":2,"minecraft:brain_coral_wall_fan":3,"minecraft:smooth_quartz_stairs":105,"minecraft:bamboo":822,"minecraft:bone_block":200,"minecraft:fire_coral_block":1,"minecraft:white_wool":14,"minecraft:brain_coral":2,"minecraft:ender_chest":60,"minecraft:smithing_table":5,"minecraft:birch_stairs":3,"minecraft:glass_pane":51,"minecraft:soul_sand":199,"minecraft:stone_brick_slab":4,"minecraft:observer":1,"minecraft:dandelion":84,"minecraft:cornflower":12,"minecraft:emerald_ore":1,"minecraft:campfire":4,"minecraft:brain_coral_fan":1,"minecraft:tall_grass":93,"minecraft:diorite":516,"minecraft:cobblestone_wall":1,"minecraft:creeper_head":2,"minecraft:birch_leaves":212,"minecraft:zombie_head":2,"minecraft:gravel":4070,"minecraft:brown_terracotta":9,"minecraft:stone_bricks":264,"minecraft:gold_ore":177,"minecraft:chipped_anvil":1,"minecraft:fern":75,"minecraft:farmland":7,"minecraft:mossy_stone_brick_slab":1,"minecraft:cobblestone_stairs":3,"minecraft:grass_block":3995,"minecraft:cracked_polished_blackstone_bricks":7,"minecraft:white_concrete":4481,"minecraft:purple_stained_glass_pane":8,"minecraft:soul_soil":265,"minecraft:frosted_ice":18,"minecraft:composter":17,"minecraft:smooth_stone":23,"minecraft:iron_ore":1483,"minecraft:turtle_egg":14,"minecraft:black_carpet":1,"minecraft:anvil":6,"minecraft:azure_bluet":5,"minecraft:skeleton_wall_skull":1,"minecraft:brain_coral_block":1,"minecraft:blackstone":104,"minecraft:orange_terracotta":5,"minecraft:soul_lantern":14,"minecraft:clay":2,"minecraft:light_gray_terracotta":8,"minecraft:dead_fire_coral_fan":3,"minecraft:poppy":6,"minecraft:chest":115,"minecraft:mushroom_stem":2,"minecraft:cobblestone":129,"minecraft:nether_quartz_ore":2727,"minecraft:slime_block":10,"minecraft:grindstone":5,"minecraft:oak_planks":103,"minecraft:iron_door":2,"minecraft:wall_torch":201,"minecraft:cauldron":13,"minecraft:seagrass":79,"minecraft:fire_coral_fan":1,"minecraft:dark_oak_slab":4,"minecraft:dark_oak_door":13,"minecraft:lapis_block":3,"minecraft:birch_log":2746,"minecraft:birch_trapdoor":2,"minecraft:smooth_stone_slab":53,"minecraft:tnt":1,"minecraft:yellow_stained_glass_pane":9,"minecraft:oak_log":1005,"minecraft:dirt":1784,"minecraft:sand":4769,"minecraft:netherrack":34623,"minecraft:ancient_debris":42,"minecraft:oak_leaves":3382,"minecraft:horn_coral_block":2,"minecraft:redstone_lamp":1,"minecraft:nether_gold_ore":172,"minecraft:crying_obsidian":1,"minecraft:tube_coral":2,"minecraft:diamond_ore":217,"minecraft:red_carpet":11,"minecraft:dark_oak_leaves":68,"minecraft:red_stained_glass":38,"minecraft:lever":1,"minecraft:ladder":21,"minecraft:tube_coral_wall_fan":2,"minecraft:stone_button":1,"minecraft:birch_slab":43,"minecraft:spruce_leaves":15,"minecraft:large_fern":6,"minecraft:hay_block":34,"minecraft:furnace":44,"minecraft:carrots":3,"minecraft:chiseled_sandstone":7,"minecraft:black_concrete":62,"minecraft:peony":3,"minecraft:gold_block":8,"minecraft:bookshelf":18,"minecraft:lantern":66,"minecraft:stripped_oak_log":43,"minecraft:packed_ice":1495,"minecraft:stone":11600,"minecraft:scaffolding":66,"minecraft:snow_block":9,"minecraft:basalt":37,"minecraft:stripped_dark_oak_log":16,"minecraft:polished_granite":1,"minecraft:crafting_table":84,"minecraft:rose_bush":1,"minecraft:lectern":334,"minecraft:stone_slab":1,"minecraft:quartz_bricks":13,"minecraft:lapis_ore":149,"minecraft:lily_pad":9,"minecraft:birch_planks":111,"minecraft:sea_pickle":2,"minecraft:sweet_berry_bush":5,"minecraft:ice":11,"minecraft:bee_nest":5,"minecraft:yellow_bed":7,"minecraft:grass_path":40,"minecraft:coal_ore":3049,"minecraft:bubble_coral_wall_fan":3,"minecraft:cracked_stone_bricks":4,"minecraft:terracotta":15,"minecraft:dead_bubble_coral_wall_fan":3,"minecraft:mossy_stone_bricks":1}},"DataVersion":2586}