{"stats":{"minecraft:used":{"minecraft:light_blue_stained_glass_pane":47,"minecraft:iron_shovel":1576,"minecraft:smooth_quartz_slab":40,"minecraft:poppy":4,"minecraft:diamond_hoe":290,"minecraft:white_concrete_powder":4387,"minecraft:chest":119,"minecraft:white_terracotta":2,"minecraft:stone":844,"minecraft:iron_sword":298,"minecraft:soul_sand":2,"minecraft:mutton":4,"minecraft:carrot":58,"minecraft:snowball":3,"minecraft:glass":722,"minecraft:black_stained_glass_pane":8,"minecraft:villager_spawn_egg":5,"minecraft:quartz_slab":9,"minecraft:coal_ore":18,"minecraft:grass_block":661,"minecraft:lantern":16,"minecraft:birch_sapling":1,"minecraft:stone_brick_stairs":5,"minecraft:stone_bricks":8,"minecraft:bedrock":1,"minecraft:birch_trapdoor":2,"minecraft:magma_block":3809,"minecraft:bow":80,"minecraft:hay_block":6,"minecraft:scaffolding":75,"minecraft:oak_sapling":14,"minecraft:furnace":15,"minecraft:skeleton_skull":1,"minecraft:egg":1,"minecraft:potato":1,"minecraft:diorite":5,"minecraft:stripped_birch_log":3,"minecraft:stone_pickaxe":77,"minecraft:wooden_pickaxe":9,"minecraft:sugar_cane":2,"minecraft:diamond_axe":879,"minecraft:smooth_quartz_stairs":1,"minecraft:oak_leaves":223,"minecraft:cookie":64,"minecraft:golden_apple":29,"minecraft:dark_oak_trapdoor":96,"minecraft:sand":5,"minecraft:blast_furnace":8,"minecraft:black_concrete_powder":38,"minecraft:redstone_torch":1,"minecraft:black_concrete":16,"minecraft:bread":2,"minecraft:lectern":28,"minecraft:diamond_ore":5,"minecraft:gravel":1,"minecraft:lilac":3,"minecraft:diamond_sword":597,"minecraft:andesite":94,"minecraft:smooth_stone_slab":78,"minecraft:grindstone":10,"minecraft:smithing_table":1,"minecraft:birch_log":1,"minecraft:white_concrete":999,"minecraft:experience_bottle":846,"minecraft:oak_fence":1,"minecraft:petrified_oak_slab":1,"minecraft:flint_and_steel":5,"minecraft:redstone_ore":8,"minecraft:cooked_chicken":4,"minecraft:netherrack":283,"minecraft:torch":281,"minecraft:dirt":2467,"minecraft:anvil":2,"minecraft:white_carpet":10,"minecraft:hopper":12,"minecraft:stone_stairs":10,"minecraft:bee_nest":3,"minecraft:light_blue_stained_glass":15,"minecraft:granite":13,"minecraft:birch_door":4,"minecraft:dark_oak_planks":11,"minecraft:wooden_axe":46,"minecraft:iron_axe":733,"minecraft:oak_stairs":4,"minecraft:smooth_quartz":2,"minecraft:golden_carrot":107,"minecraft:beef":2,"minecraft:soul_soil":2,"minecraft:netherite_pickaxe":2861,"minecraft:cooked_beef":20,"minecraft:turtle_egg":5,"minecraft:cooked_mutton":8,"minecraft:wheat_seeds":21,"minecraft:water_bucket":345,"minecraft:birch_planks":238,"minecraft:fletching_table":1,"minecraft:stripped_dark_oak_log":2,"minecraft:rail":1,"minecraft:crafting_table":18,"minecraft:oak_slab":7,"minecraft:white_bed":9,"minecraft:dark_oak_door":4,"minecraft:smoker":13,"minecraft:cornflower":1,"minecraft:oak_log":7,"minecraft:diamond_pickaxe":8541,"minecraft:oxeye_daisy":1,"minecraft:diamond_shovel":18193,"minecraft:iron_pickaxe":768,"minecraft:suspicious_stew":1,"minecraft:lapis_ore":13,"minecraft:stone_axe":131,"minecraft:cobblestone":200,"minecraft:bucket":346,"minecraft:lapis_block":32,"minecraft:glass_pane":12,"minecraft:pumpkin_pie":63,"minecraft:stripped_oak_log":24,"minecraft:dandelion":6},"minecraft:killed":{"minecraft:cave_spider":5,"minecraft:zombified_piglin":2,"minecraft:witch":1,"minecraft:spider":15,"minecraft:skeleton":41,"minecraft:chicken":6,"minecraft:magma_cube":105,"minecraft:pig":2,"minecraft:iron_golem":2,"minecraft:creeper":11,"minecraft:sheep":9,"minecraft:trader_llama":3,"minecraft:zombie":62,"minecraft:ghast":4,"minecraft:cow":12,"minecraft:horse":2,"minecraft:panda":1,"minecraft:llama":5,"minecraft:drowned":4,"minecraft:rabbit":2,"minecraft:squid":6,"minecraft:villager":1,"minecraft:enderman":1},"minecraft:broken":{"minecraft:iron_shovel":6,"minecraft:diamond_helmet":1,"minecraft:stone_axe":1,"minecraft:iron_sword":1,"minecraft:wooden_axe":1,"minecraft:diamond_chestplate":1,"minecraft:diamond_leggings":1,"minecraft:iron_axe":2,"minecraft:iron_pickaxe":3},"minecraft:mined":{"minecraft:dark_oak_planks":10,"minecraft:white_bed":8,"minecraft:oak_sapling":2,"minecraft:cobblestone_stairs":3,"minecraft:granite":145,"minecraft:grass_block":2510,"minecraft:white_concrete":3292,"minecraft:soul_soil":6,"minecraft:oxeye_daisy":7,"minecraft:spawner":1,"minecraft:light_blue_stained_glass":7,"minecraft:tall_seagrass":1,"minecraft:magma_block":177,"minecraft:dark_oak_trapdoor":3,"minecraft:iron_ore":367,"minecraft:fire":47,"minecraft:pumpkin":6,"minecraft:fletching_table":1,"minecraft:azure_bluet":1,"minecraft:red_tulip":11,"minecraft:oak_stairs":67,"minecraft:tripwire":5,"minecraft:blackstone":36,"minecraft:smoker":5,"minecraft:soul_fire":1,"minecraft:clay":9,"minecraft:torch":74,"minecraft:blast_furnace":1,"minecraft:poppy":83,"minecraft:chest":56,"minecraft:dead_bush":3,"minecraft:glass":53,"minecraft:cobblestone":87,"minecraft:smooth_quartz_slab":16,"minecraft:nether_quartz_ore":243,"minecraft:oak_planks":34,"minecraft:grindstone":8,"minecraft:sugar_cane":448,"minecraft:wall_torch":62,"minecraft:seagrass":1,"minecraft:stone_stairs":4,"minecraft:black_concrete_powder":3,"minecraft:birch_log":272,"minecraft:wheat":25,"minecraft:lapis_block":26,"minecraft:birch_trapdoor":1,"minecraft:lilac":14,"minecraft:birch_door":1,"minecraft:orange_tulip":19,"minecraft:smooth_stone_slab":6,"minecraft:grass":795,"minecraft:oak_log":613,"minecraft:dirt":2513,"minecraft:sand":7174,"minecraft:smooth_quartz":1,"minecraft:netherrack":2956,"minecraft:oak_leaves":408,"minecraft:nether_gold_ore":40,"minecraft:light_blue_stained_glass_pane":24,"minecraft:diamond_ore":28,"minecraft:mossy_cobblestone":4,"minecraft:dark_oak_leaves":24,"minecraft:dark_oak_log":266,"minecraft:tube_coral_wall_fan":1,"minecraft:brown_mushroom_block":3,"minecraft:sandstone":12,"minecraft:white_concrete_powder":434,"minecraft:hay_block":27,"minecraft:redstone_ore":34,"minecraft:furnace":13,"minecraft:carrots":40,"minecraft:snow":55,"minecraft:andesite":296,"minecraft:black_concrete":44,"minecraft:peony":16,"minecraft:potatoes":1,"minecraft:rail":2,"minecraft:stripped_oak_log":20,"minecraft:smooth_quartz_stairs":1,"minecraft:stone":2829,"minecraft:redstone_wall_torch":1,"minecraft:scaffolding":1,"minecraft:glass_pane":5,"minecraft:soul_sand":8,"minecraft:stripped_dark_oak_log":2,"minecraft:basalt":116,"minecraft:dandelion":34,"minecraft:oak_fence":1,"minecraft:crafting_table":14,"minecraft:cornflower":3,"minecraft:emerald_ore":2,"minecraft:rose_bush":56,"minecraft:lectern":27,"minecraft:tall_grass":63,"minecraft:lapis_ore":46,"minecraft:lily_pad":1,"minecraft:diorite":307,"minecraft:birch_planks":12,"minecraft:cactus":92,"minecraft:sea_pickle":2,"minecraft:birch_leaves":26,"minecraft:bee_nest":3,"minecraft:grass_path":23,"minecraft:coal_ore":765,"minecraft:gravel":7026,"minecraft:cobweb":33,"minecraft:stone_bricks":1,"minecraft:gold_ore":44},"minecraft:crafted":{"minecraft:black_dye":4,"minecraft:grindstone":1,"minecraft:smooth_stone":128,"minecraft:oak_planks":2208,"minecraft:dark_oak_boat":10,"minecraft:cooked_chicken":4,"minecraft:birch_slab":6,"minecraft:stone":17,"minecraft:diamond_shovel":5,"minecraft:bookshelf":1,"minecraft:cooked_mutton":8,"minecraft:suspicious_stew":16,"minecraft:green_dye":13,"minecraft:dark_oak_door":6,"minecraft:quartz_block":89,"minecraft:glass":377,"minecraft:diamond_helmet":4,"minecraft:bow":7,"minecraft:diamond_leggings":4,"minecraft:iron_boots":1,"minecraft:chest":56,"minecraft:birch_door":3,"minecraft:stone_hoe":10,"minecraft:magenta_dye":14,"minecraft:stone_bricks":176,"minecraft:smoker":8,"minecraft:emerald":401,"minecraft:smooth_quartz":220,"minecraft:cooked_porkchop":6,"minecraft:diamond_axe":2,"minecraft:crafting_table":4,"minecraft:iron_helmet":1,"minecraft:wooden_pickaxe":1,"minecraft:birch_planks":1012,"minecraft:stone_brick_stairs":32,"minecraft:lectern":1,"minecraft:iron_chestplate":1,"minecraft:book":3,"minecraft:paper":357,"minecraft:diamond_pickaxe":4,"minecraft:golden_leggings":8,"minecraft:yellow_dye":74,"minecraft:stick":6336,"minecraft:stone_slab":6,"minecraft:light_blue_dye":2,"minecraft:iron_ingot":378,"minecraft:iron_pickaxe":3,"minecraft:gold_ingot":291,"minecraft:light_blue_stained_glass":32,"minecraft:redstone_torch":1,"minecraft:golden_carrot":57,"minecraft:cookie":180,"minecraft:stone_shovel":10,"minecraft:smooth_stone_slab":126,"minecraft:iron_nugget":414,"minecraft:diamond_hoe":3,"minecraft:furnace":17,"minecraft:blast_furnace":7,"minecraft:bone_meal":1240,"minecraft:pink_dye":32,"minecraft:glass_pane":288,"minecraft:stone_stairs":8,"minecraft:lantern":16,"minecraft:white_concrete_powder":12456,"minecraft:black_concrete_powder":32,"minecraft:iron_axe":6,"minecraft:stone_pickaxe":1,"minecraft:diamond_boots":4,"minecraft:dark_oak_planks":1316,"minecraft:cooked_beef":7,"minecraft:red_dye":193,"minecraft:bone_block":1,"minecraft:light_blue_stained_glass_pane":16,"minecraft:diamond_sword":1,"minecraft:iron_sword":4,"minecraft:bell":12,"minecraft:bucket":1,"minecraft:enchanted_book":3,"minecraft:orange_dye":18,"minecraft:air":0,"minecraft:bread":37,"minecraft:blue_dye":3,"minecraft:oak_boat":12,"minecraft:white_dye":1605,"minecraft:wooden_axe":1,"minecraft:iron_shovel":8,"minecraft:iron_leggings":1,"minecraft:white_bed":1,"minecraft:pumpkin_pie":60,"minecraft:torch":108,"minecraft:lapis_block":48,"minecraft:diamond_chestplate":4},"minecraft:custom":{"minecraft:interact_with_crafting_table":153,"minecraft:open_barrel":90,"minecraft:leave_game":27,"minecraft:time_since_death":226,"minecraft:sprint_one_cm":4360072,"minecraft:drop":894,"minecraft:talked_to_villager":293,"minecraft:deaths":40,"minecraft:jump":18566,"minecraft:interact_with_brewingstand":1,"minecraft:walk_on_water_one_cm":414593,"minecraft:enchant_item":14,"minecraft:interact_with_furnace":210,"minecraft:traded_with_villager":548,"minecraft:play_one_minute":1720882,"minecraft:sleep_in_bed":59,"minecraft:open_enderchest":2,"minecraft:damage_dealt":38048,"minecraft:crouch_one_cm":421889,"minecraft:interact_with_smoker":19,"minecraft:interact_with_anvil":21,"minecraft:mob_kills":306,"minecraft:inspect_hopper":3,"minecraft:climb_one_cm":191266,"minecraft:walk_one_cm":3494858,"minecraft:sneak_time":113669,"minecraft:walk_under_water_one_cm":157402,"minecraft:interact_with_blast_furnace":148,"minecraft:interact_with_stonecutter":1,"minecraft:interact_with_grindstone":10,"minecraft:time_since_rest":283,"minecraft:damage_absorbed":501,"minecraft:damage_taken":23375,"minecraft:swim_one_cm":230719,"minecraft:fly_one_cm":3910685,"minecraft:open_chest":674,"minecraft:fall_one_cm":446294},"minecraft:dropped":{"minecraft:brown_mushroom":2,"minecraft:birch_planks":365,"minecraft:diamond_axe":2,"minecraft:lapis_lazuli":6,"minecraft:oak_log":1,"minecraft:cooked_porkchop":6,"minecraft:cookie":1,"minecraft:leather":15,"minecraft:saddle":1,"minecraft:cobblestone_stairs":3,"minecraft:emerald":37,"minecraft:flint":38,"minecraft:dirt":1013,"minecraft:dark_oak_trapdoor":1,"minecraft:snowball":34,"minecraft:gold_nugget":66,"minecraft:bone_meal":1,"minecraft:black_concrete":22,"minecraft:dark_oak_planks":4,"minecraft:white_wool":1,"minecraft:cauldron":4,"minecraft:bone":26,"minecraft:gravel":4,"minecraft:dark_oak_door":2,"minecraft:sugar_cane":36,"minecraft:wheat":1,"minecraft:birch_sapling":3,"minecraft:rotten_flesh":80,"minecraft:diamond_shovel":2,"minecraft:azure_bluet":1,"minecraft:poppy":2,"minecraft:leather_chestplate":1,"minecraft:gunpowder":9,"minecraft:quartz_block":5,"minecraft:iron_ore":12,"minecraft:glass":359,"minecraft:purple_stained_glass_pane":11,"minecraft:stone_brick_stairs":27,"minecraft:white_concrete_powder":483,"minecraft:scaffolding":1,"minecraft:quartz":2,"minecraft:oak_leaves":1,"minecraft:netherrack":173,"minecraft:lectern":11,"minecraft:stone_hoe":17,"minecraft:iron_ingot":43,"minecraft:bread":146,"minecraft:netherite_pickaxe":1,"minecraft:wheat_seeds":230,"minecraft:lilac":1,"minecraft:mossy_cobblestone":6,"minecraft:iron_helmet":1,"minecraft:cobblestone":89,"minecraft:lead":2,"minecraft:granite":24,"minecraft:grass_block":12,"minecraft:coal":43,"minecraft:stick":1021,"minecraft:oxeye_daisy":21,"minecraft:diorite":21,"minecraft:golden_carrot":50,"minecraft:light_blue_stained_glass":24,"minecraft:ink_sac":5,"minecraft:torch":16,"minecraft:green_dye":70,"minecraft:wooden_axe":1,"minecraft:smooth_quartz":67,"minecraft:white_concrete":2655,"minecraft:iron_leggings":1,"minecraft:oak_stairs":8,"minecraft:pumpkin":6,"minecraft:heart_of_the_sea":1,"minecraft:iron_axe":4,"minecraft:smooth_stone":1,"minecraft:cactus":128,"minecraft:string":14,"minecraft:light_blue_stained_glass_pane":3,"minecraft:lily_pad":1,"minecraft:bucket":1,"minecraft:lapis_block":42,"minecraft:dandelion":9,"minecraft:anvil":3,"minecraft:bowl":2,"minecraft:grass_path":2,"minecraft:chicken":1,"minecraft:clay_ball":32,"minecraft:iron_boots":1,"minecraft:stripped_oak_log":13,"minecraft:stone_slab":5,"minecraft:glass_pane":1,"minecraft:suspicious_stew":3,"minecraft:light_blue_dye":60,"minecraft:snow":38,"minecraft:potato":11,"minecraft:stone":93,"minecraft:sea_pickle":5,"minecraft:black_concrete_powder":2,"minecraft:diamond_pickaxe":3,"minecraft:iron_chestplate":1,"minecraft:andesite":7,"minecraft:golden_leggings":8,"minecraft:oak_sapling":21,"minecraft:stone_bricks":22,"minecraft:spider_eye":4,"minecraft:bow":3,"minecraft:stone_pickaxe":4,"minecraft:wooden_pickaxe":4,"minecraft:magma_block":1},"minecraft:killed_by":{"minecraft:ghast":1,"minecraft:zombie":1,"minecraft:player":4,"minecraft:skeleton":1},"minecraft:picked_up":{"minecraft:wooden_axe":1,"minecraft:birch_door":1,"minecraft:wheat":9,"minecraft:anvil":4,"minecraft:lead":2,"minecraft:smithing_table":1,"minecraft:stone_slab":5,"minecraft:oak_stairs":58,"minecraft:enchanted_book":5,"minecraft:lapis_block":41,"minecraft:string":107,"minecraft:dark_oak_trapdoor":4,"minecraft:soul_soil":2,"minecraft:smooth_stone_slab":8,"minecraft:experience_bottle":143,"minecraft:sea_pickle":5,"minecraft:gold_nugget":181,"minecraft:smooth_stone":43,"minecraft:bucket":1,"minecraft:red_dye":64,"minecraft:rose_bush":50,"minecraft:redstone_torch":1,"minecraft:smooth_quartz":109,"minecraft:smooth_quartz_stairs":15,"minecraft:furnace":13,"minecraft:diamond_ore":5,"minecraft:stick":176,"minecraft:birch_trapdoor":1,"minecraft:oak_fence":1,"minecraft:torch":194,"minecraft:porkchop":6,"minecraft:diorite":483,"minecraft:cauldron":4,"minecraft:cactus":128,"minecraft:rotten_flesh":84,"minecraft:red_tulip":11,"minecraft:snowball":37,"minecraft:cobblestone":837,"minecraft:birch_log":368,"minecraft:magma_block":153,"minecraft:leather_chestplate":1,"minecraft:feather":7,"minecraft:lilac":12,"minecraft:magma_cream":8,"minecraft:andesite":453,"minecraft:smoker":5,"minecraft:potato":12,"minecraft:flint":425,"minecraft:lapis_lazuli":457,"minecraft:stripped_birch_log":1,"minecraft:dirt":4754,"minecraft:glass":329,"minecraft:bone":70,"minecraft:bow":5,"minecraft:wheat_seeds":258,"minecraft:orange_tulip":18,"minecraft:light_blue_dye":20,"minecraft:grindstone":8,"minecraft:purple_stained_glass_pane":86,"minecraft:fletching_table":1,"minecraft:stone_hoe":7,"minecraft:oak_planks":128,"minecraft:sand":5743,"minecraft:ink_sac":21,"minecraft:grass_block":174,"minecraft:dark_oak_log":323,"minecraft:mossy_cobblestone":7,"minecraft:black_concrete_powder":34,"minecraft:diamond":42,"minecraft:black_concrete":38,"minecraft:granite":239,"minecraft:bone_meal":6,"minecraft:golden_apple":10,"minecraft:white_concrete":4739,"minecraft:emerald":102,"minecraft:bread":79,"minecraft:oak_sapling":54,"minecraft:netherrack":1374,"minecraft:oak_leaves":274,"minecraft:diamond_pickaxe":5,"minecraft:crafting_table":14,"minecraft:bee_nest":3,"minecraft:azure_bluet":1,"minecraft:chicken":7,"minecraft:clay_ball":36,"minecraft:brown_mushroom":2,"minecraft:wooden_pickaxe":3,"minecraft:cornflower":3,"minecraft:stone_stairs":6,"minecraft:iron_axe":4,"minecraft:snow":38,"minecraft:iron_shovel":3,"minecraft:blackstone":34,"minecraft:glass_pane":130,"minecraft:beef":27,"minecraft:poppy":88,"minecraft:lectern":41,"minecraft:sugar_cane":986,"minecraft:chest":57,"minecraft:birch_sapling":6,"minecraft:diamond_hoe":1,"minecraft:egg":1,"minecraft:dark_oak_sapling":3,"minecraft:orange_dye":18,"minecraft:stone":2479,"minecraft:oak_door":1,"minecraft:bowl":1,"minecraft:cookie":1,"minecraft:carrot":123,"minecraft:redstone":120,"minecraft:netherite_pickaxe":1,"minecraft:dark_oak_planks":13,"minecraft:arrow":34,"minecraft:light_blue_stained_glass_pane":37,"minecraft:pumpkin_pie":32,"minecraft:peony":16,"minecraft:hay_block":27,"minecraft:gold_ingot":22,"minecraft:mutton":15,"minecraft:bone_block":35,"minecraft:rail":5,"minecraft:skeleton_skull":1,"minecraft:white_wool":9,"minecraft:oxeye_daisy":22,"minecraft:lapis_ore":13,"minecraft:stripped_oak_log":29,"minecraft:birch_leaves":6,"minecraft:basalt":113,"minecraft:golden_carrot":107,"minecraft:leather":19,"minecraft:yellow_dye":64,"minecraft:birch_planks":152,"minecraft:oak_log":608,"minecraft:lily_pad":2,"minecraft:gunpowder":24,"minecraft:cobblestone_stairs":6,"minecraft:paper":15,"minecraft:spawner":2,"minecraft:apple":8,"minecraft:stone_bricks":106,"minecraft:heart_of_the_sea":2,"minecraft:iron_ingot":153,"minecraft:stone_pickaxe":3,"minecraft:iron_ore":366,"minecraft:iron_sword":1,"minecraft:soul_sand":8,"minecraft:green_dye":134,"minecraft:scaffolding":66,"minecraft:nether_quartz_ore":9,"minecraft:birch_boat":2,"minecraft:pumpkin":6,"minecraft:quartz":377,"minecraft:dandelion":93,"minecraft:gravel":4896,"minecraft:grass_path":5,"minecraft:blast_furnace":1,"minecraft:white_bed":8,"minecraft:light_blue_stained_glass":7,"minecraft:gold_ore":41,"minecraft:spider_eye":7,"minecraft:diamond_shovel":2,"minecraft:coal_ore":56,"minecraft:white_concrete_powder":2364,"minecraft:stone_axe":1,"minecraft:redstone_ore":8,"minecraft:diamond_axe":1,"minecraft:stripped_dark_oak_log":2,"minecraft:smooth_quartz_slab":16,"minecraft:coal":1676}},"DataVersion":2586}