{"stats":{"minecraft:custom":{"minecraft:interact_with_crafting_table":179,"minecraft:open_barrel":24,"minecraft:bell_ring":9,"minecraft:leave_game":131,"minecraft:time_since_death":186169,"minecraft:deaths":29,"minecraft:jump":30502,"minecraft:enchant_item":40,"minecraft:interact_with_furnace":144,"minecraft:traded_with_villager":1422,"minecraft:sleep_in_bed":26,"minecraft:damage_dealt":75216,"minecraft:interact_with_smoker":6,"minecraft:horse_one_cm":64806,"minecraft:interact_with_smithing_table":8,"minecraft:inspect_dropper":74,"minecraft:interact_with_anvil":42,"minecraft:inspect_hopper":22,"minecraft:damage_dealt_absorbed":58,"minecraft:sneak_time":341327,"minecraft:interact_with_blast_furnace":9,"minecraft:tune_noteblock":162,"minecraft:time_since_rest":47122,"minecraft:swim_one_cm":515390,"minecraft:fly_one_cm":9558953,"minecraft:open_chest":1026,"minecraft:fall_one_cm":881819,"minecraft:animals_bred":2,"minecraft:sprint_one_cm":5136651,"minecraft:drop":1240,"minecraft:talked_to_villager":1605,"minecraft:walk_on_water_one_cm":621168,"minecraft:play_one_minute":2570949,"minecraft:interact_with_loom":1,"minecraft:open_enderchest":48,"minecraft:player_kills":13,"minecraft:crouch_one_cm":1240759,"minecraft:mob_kills":826,"minecraft:climb_one_cm":217389,"minecraft:walk_one_cm":5428739,"minecraft:raid_win":2,"minecraft:walk_under_water_one_cm":392820,"minecraft:boat_one_cm":689919,"minecraft:raid_trigger":2,"minecraft:interact_with_grindstone":27,"minecraft:damage_taken":19844,"minecraft:damage_absorbed":175},"minecraft:killed_by":{"minecraft:zombie":1,"minecraft:player":4},"minecraft:dropped":{"minecraft:iron_sword":6,"minecraft:pink_stained_glass":1,"minecraft:lapis_lazuli":157,"minecraft:diamond":418,"minecraft:crafting_table":1,"minecraft:cookie":324,"minecraft:dark_oak_slab":5,"minecraft:crossbow":26,"minecraft:spider_spawn_egg":1,"minecraft:saddle":3,"minecraft:emerald":199,"minecraft:dirt":909,"minecraft:gray_concrete":1,"minecraft:grass":5,"minecraft:dark_oak_fence":2,"minecraft:netherite_boots":3,"minecraft:gold_nugget":451,"minecraft:bone_meal":5,"minecraft:sand":12,"minecraft:iron_pickaxe":2,"minecraft:dark_oak_planks":712,"minecraft:white_wool":1,"minecraft:bone":52,"minecraft:stone_axe":19,"minecraft:compass":8,"minecraft:sugar_cane":23,"minecraft:cooked_chicken":4,"minecraft:black_carpet":2,"minecraft:birch_sapling":4,"minecraft:netherite_sword":5,"minecraft:wheat":5,"minecraft:obsidian":9,"minecraft:rotten_flesh":275,"minecraft:oak_planks":18,"minecraft:netherite_shovel":2,"minecraft:white_bed":1,"minecraft:salmon":3,"minecraft:blue_stained_glass":64,"minecraft:yellow_stained_glass_pane":58,"minecraft:ladder":33,"minecraft:glass":1023,"minecraft:purple_stained_glass_pane":75,"minecraft:stone_brick_stairs":15,"minecraft:lectern":14,"minecraft:egg":1,"minecraft:iron_ingot":49,"minecraft:enchanted_book":6,"minecraft:blue_stained_glass_pane":5,"minecraft:netherite_pickaxe":5,"minecraft:birch_leaves":18,"minecraft:wheat_seeds":94,"minecraft:clock":8,"minecraft:tnt":342,"minecraft:smooth_quartz_stairs":28,"minecraft:netherite_helmet":2,"minecraft:netherite_chestplate":2,"minecraft:iron_helmet":9,"minecraft:feather":6,"minecraft:cobblestone":3323,"minecraft:prismarine_crystals":2,"minecraft:apple":66,"minecraft:granite":283,"minecraft:coal":60,"minecraft:golden_apple":49,"minecraft:oxeye_daisy":13,"minecraft:diamond_horse_armor":1,"minecraft:golden_carrot":343,"minecraft:ink_sac":1,"minecraft:diamond_helmet":2,"minecraft:heart_of_the_sea":2,"minecraft:iron_shovel":3,"minecraft:paper":240,"minecraft:string":40,"minecraft:pink_stained_glass_pane":1,"minecraft:soul_soil":13,"minecraft:netherite_ingot":1,"minecraft:bowl":2,"minecraft:diamond_hoe":6,"minecraft:stone_shovel":26,"minecraft:grass_path":8,"minecraft:chicken":1,"minecraft:stone_slab":4,"minecraft:nether_bricks":2,"minecraft:shears":2,"minecraft:suspicious_stew":14,"minecraft:diamond_sword":1,"minecraft:potato":1,"minecraft:stone":193,"minecraft:diamond_pickaxe":11,"minecraft:redstone_torch":2,"minecraft:spider_eye":28,"minecraft:bow":25,"minecraft:bell":32,"minecraft:magma_block":14,"minecraft:birch_planks":251,"minecraft:diamond_axe":5,"minecraft:oak_log":5,"minecraft:ender_pearl":5,"minecraft:dark_oak_sapling":2,"minecraft:lantern":3,"minecraft:leather":4,"minecraft:birch_slab":8,"minecraft:flint":36,"minecraft:dark_oak_log":274,"minecraft:white_stained_glass_pane":89,"minecraft:pumpkin_pie":48,"minecraft:black_concrete":2,"minecraft:birch_log":323,"minecraft:gold_ingot":7,"minecraft:gravel":42,"minecraft:blackstone":13,"minecraft:diamond_shovel":4,"minecraft:poppy":11,"minecraft:trident":4,"minecraft:gunpowder":45,"minecraft:skeleton_skull":1,"minecraft:chainmail_boots":13,"minecraft:birch_door":1,"minecraft:chest":4,"minecraft:iron_ore":18,"minecraft:basalt":4,"minecraft:arrow":12,"minecraft:scaffolding":18,"minecraft:quartz":747,"minecraft:oak_leaves":11,"minecraft:netherrack":1193,"minecraft:water_bucket":2,"minecraft:bread":132,"minecraft:oak_slab":1,"minecraft:mossy_cobblestone":1,"minecraft:diamond_leggings":4,"minecraft:netherite_axe":5,"minecraft:golden_axe":2,"minecraft:lead":4,"minecraft:observer":4,"minecraft:grass_block":903,"minecraft:stick":37,"minecraft:diorite":142,"minecraft:torch":8,"minecraft:repeater":1,"minecraft:white_concrete":66,"minecraft:smooth_quartz_slab":2,"minecraft:iron_axe":43,"minecraft:cactus":128,"minecraft:light_blue_stained_glass_pane":2,"minecraft:dandelion":61,"minecraft:redstone":102,"minecraft:anvil":6,"minecraft:kelp":22,"minecraft:ender_chest":4,"minecraft:netherite_leggings":2,"minecraft:flint_and_steel":1,"minecraft:filled_map":2,"minecraft:shield":11,"minecraft:black_concrete_powder":32,"minecraft:diamond_chestplate":2,"minecraft:andesite":204,"minecraft:pink_wool":1,"minecraft:oak_boat":1,"minecraft:oak_sapling":10,"minecraft:diamond_boots":4,"minecraft:white_stained_glass":1},"minecraft:crafted":{"minecraft:red_stained_glass_pane":128,"minecraft:black_dye":64,"minecraft:birch_boat":3,"minecraft:birch_slab":486,"minecraft:diamond_shovel":4,"minecraft:bookshelf":124,"minecraft:iron_bars":16,"minecraft:glass":710,"minecraft:repeater":13,"minecraft:diamond_leggings":9,"minecraft:netherite_boots":1,"minecraft:birch_fence_gate":2,"minecraft:iron_door":3,"minecraft:birch_door":3,"minecraft:name_tag":10,"minecraft:emerald":1138,"minecraft:diamond_axe":4,"minecraft:clock":76,"minecraft:sticky_piston":1,"minecraft:stone_brick_stairs":336,"minecraft:lectern":6,"minecraft:stone_slab":6,"minecraft:compass":35,"minecraft:gold_ingot":68,"minecraft:netherite_ingot":6,"minecraft:composter":3,"minecraft:birch_stairs":216,"minecraft:golden_carrot":36,"minecraft:stone_shovel":24,"minecraft:diamond_hoe":6,"minecraft:bone_meal":576,"minecraft:lantern":136,"minecraft:diamond":36,"minecraft:netherite_axe":1,"minecraft:dark_oak_fence":99,"minecraft:ladder":84,"minecraft:diamond_boots":9,"minecraft:redstone_block":29,"minecraft:dark_oak_planks":6737,"minecraft:wheat":81,"minecraft:purple_stained_glass_pane":32,"minecraft:crossbow":12,"minecraft:netherite_pickaxe":2,"minecraft:yellow_stained_glass_pane":80,"minecraft:enchanted_book":52,"minecraft:chainmail_boots":24,"minecraft:birch_trapdoor":152,"minecraft:iron_shovel":3,"minecraft:iron_leggings":10,"minecraft:note_block":6,"minecraft:oak_planks":820,"minecraft:cobblestone_slab":96,"minecraft:dark_oak_boat":1,"minecraft:suspicious_stew":25,"minecraft:dark_oak_door":18,"minecraft:hopper":16,"minecraft:bow":17,"minecraft:iron_boots":12,"minecraft:comparator":2,"minecraft:chest":387,"minecraft:netherite_helmet":1,"minecraft:stone_bricks":536,"minecraft:dropper":2,"minecraft:oak_slab":24,"minecraft:crafting_table":26,"minecraft:iron_helmet":11,"minecraft:chainmail_chestplate":9,"minecraft:gold_block":1,"minecraft:birch_planks":2108,"minecraft:dispenser":2,"minecraft:apple":108,"minecraft:dark_oak_slab":804,"minecraft:shield":11,"minecraft:book":22,"minecraft:paper":1248,"minecraft:diamond_pickaxe":4,"minecraft:emerald_block":208,"minecraft:stick":988,"minecraft:light_blue_dye":4,"minecraft:iron_ingot":311,"minecraft:redstone_torch":36,"minecraft:shears":8,"minecraft:cookie":684,"minecraft:redstone":63,"minecraft:netherite_sword":1,"minecraft:furnace":64,"minecraft:stone_button":1,"minecraft:piston":2,"minecraft:dark_oak_trapdoor":54,"minecraft:smooth_quartz_stairs":48,"minecraft:diamond_block":16,"minecraft:glass_pane":576,"minecraft:netherite_chestplate":1,"minecraft:netherite_leggings":1,"minecraft:iron_axe":27,"minecraft:cobblestone_wall":36,"minecraft:smooth_quartz_slab":78,"minecraft:netherite_scrap":20,"minecraft:observer":6,"minecraft:light_blue_stained_glass_pane":32,"minecraft:dark_oak_stairs":220,"minecraft:iron_sword":6,"minecraft:bell":52,"minecraft:bucket":1,"minecraft:stone_axe":12,"minecraft:air":0,"minecraft:bread":193,"minecraft:black_stained_glass":48,"minecraft:oak_boat":1,"minecraft:white_dye":68,"minecraft:netherite_shovel":1,"minecraft:pumpkin_pie":48},"minecraft:mined":{"minecraft:dark_oak_planks":391,"minecraft:white_bed":37,"minecraft:granite":475,"minecraft:hopper":1,"minecraft:oxeye_daisy":22,"minecraft:red_stained_glass_pane":1,"minecraft:tall_seagrass":15,"minecraft:magma_block":44,"minecraft:dark_oak_trapdoor":35,"minecraft:fire":377,"minecraft:lime_stained_glass_pane":4,"minecraft:oak_stairs":4,"minecraft:tripwire":3,"minecraft:soul_fire":4,"minecraft:blue_stained_glass":2,"minecraft:torch":70,"minecraft:blast_furnace":4,"minecraft:white_stained_glass_pane":5,"minecraft:smooth_quartz_slab":5,"minecraft:glass":15,"minecraft:sugar_cane":1205,"minecraft:birch_sapling":1,"minecraft:white_terracotta":32,"minecraft:repeater":3,"minecraft:wheat":1,"minecraft:black_bed":4,"minecraft:stone_brick_stairs":106,"minecraft:grass":193,"minecraft:dark_oak_sapling":4,"minecraft:smooth_quartz":139,"minecraft:light_blue_stained_glass_pane":4,"minecraft:blue_stained_glass_pane":26,"minecraft:mossy_cobblestone":2,"minecraft:dark_oak_log":2288,"minecraft:stripped_birch_log":2,"minecraft:sea_lantern":1,"minecraft:birch_fence_gate":10,"minecraft:nether_bricks":6,"minecraft:dark_oak_fence":56,"minecraft:redstone_wire":44,"minecraft:black_stained_glass_pane":15,"minecraft:redstone_ore":142,"minecraft:andesite":735,"minecraft:cobblestone_slab":4,"minecraft:smooth_quartz_stairs":7,"minecraft:bamboo":2,"minecraft:ender_chest":10,"minecraft:smithing_table":1,"minecraft:oak_slab":1,"minecraft:birch_stairs":9,"minecraft:redstone_block":1,"minecraft:gray_concrete":74,"minecraft:glass_pane":9,"minecraft:soul_sand":5,"minecraft:stone_brick_slab":13,"minecraft:observer":1,"minecraft:dandelion":11,"minecraft:emerald_ore":4,"minecraft:dropper":3,"minecraft:campfire":7,"minecraft:tall_grass":43,"minecraft:diorite":550,"minecraft:black_stained_glass":4,"minecraft:dark_oak_wall_sign":4,"minecraft:white_carpet":6,"minecraft:birch_leaves":129,"minecraft:gravel":355,"minecraft:stone_bricks":138,"minecraft:gold_ore":31,"minecraft:grass_block":2927,"minecraft:white_concrete":399,"minecraft:purple_stained_glass_pane":10,"minecraft:soul_soil":13,"minecraft:composter":4,"minecraft:iron_ore":250,"minecraft:azure_bluet":1,"minecraft:dark_oak_stairs":62,"minecraft:skeleton_wall_skull":1,"minecraft:birch_wall_sign":7,"minecraft:blackstone":167,"minecraft:poppy":6,"minecraft:chest":20,"minecraft:nether_quartz_ore":601,"minecraft:cobblestone":126,"minecraft:oak_planks":95,"minecraft:wall_torch":39,"minecraft:seagrass":19,"minecraft:stone_stairs":5,"minecraft:dark_oak_slab":102,"minecraft:dark_oak_door":3,"minecraft:birch_log":2093,"minecraft:birch_trapdoor":16,"minecraft:stripped_oak_wood":2,"minecraft:tnt":7,"minecraft:yellow_stained_glass_pane":1,"minecraft:oak_log":244,"minecraft:sand":7,"minecraft:dirt":2034,"minecraft:netherrack":12469,"minecraft:ancient_debris":40,"minecraft:oak_leaves":1440,"minecraft:emerald_block":1,"minecraft:redstone_lamp":6,"minecraft:nether_gold_ore":85,"minecraft:diamond_ore":68,"minecraft:dark_oak_leaves":42,"minecraft:oak_door":1,"minecraft:ladder":34,"minecraft:stone_button":1,"minecraft:birch_slab":105,"minecraft:hay_block":20,"minecraft:furnace":2,"minecraft:peony":1,"minecraft:bookshelf":26,"minecraft:lantern":49,"minecraft:stripped_oak_log":19,"minecraft:stone":7940,"minecraft:scaffolding":107,"minecraft:stripped_dark_oak_log":159,"minecraft:basalt":46,"minecraft:oak_fence":8,"minecraft:crafting_table":14,"minecraft:lectern":616,"minecraft:quartz_bricks":2,"minecraft:lapis_ore":28,"minecraft:lily_pad":4,"minecraft:birch_planks":176,"minecraft:redstone_torch":6,"minecraft:yellow_bed":1,"minecraft:grass_path":96,"minecraft:coal_ore":422},"minecraft:broken":{"minecraft:shears":5,"minecraft:iron_axe":8,"minecraft:iron_pickaxe":1},"minecraft:used":{"minecraft:smooth_quartz_slab":77,"minecraft:ladder":164,"minecraft:poppy":45,"minecraft:black_carpet":141,"minecraft:chest":395,"minecraft:stone":1306,"minecraft:rotten_flesh":5,"minecraft:soul_sand":10,"minecraft:blue_stained_glass":1236,"minecraft:jungle_sapling":8,"minecraft:netherite_shovel":2253,"minecraft:villager_spawn_egg":78,"minecraft:black_stained_glass_pane":15,"minecraft:grass_block":5402,"minecraft:birch_sapling":49,"minecraft:dark_oak_slab":820,"minecraft:dark_oak_button":1,"minecraft:pink_wool":84,"minecraft:stone_brick_stairs":771,"minecraft:red_stained_glass_pane":81,"minecraft:snow":6,"minecraft:bow":853,"minecraft:dark_oak_boat":4,"minecraft:furnace":42,"minecraft:oak_sapling":6,"minecraft:egg":3,"minecraft:spider_spawn_egg":1,"minecraft:diorite":11,"minecraft:cow_spawn_egg":5,"minecraft:stripped_birch_log":2,"minecraft:blackstone":7,"minecraft:composter":11,"minecraft:smooth_quartz_stairs":41,"minecraft:oak_leaves":1106,"minecraft:golden_apple":9,"minecraft:dark_oak_trapdoor":452,"minecraft:sand":126,"minecraft:blast_furnace":3,"minecraft:gray_concrete":509,"minecraft:birch_fence":23,"minecraft:gray_stained_glass_pane":58,"minecraft:birch_slab":734,"minecraft:stone_button":3,"minecraft:lectern":699,"minecraft:diamond_ore":8,"minecraft:diamond_sword":779,"minecraft:smithing_table":4,"minecraft:dark_oak_fence":435,"minecraft:white_stained_glass":12,"minecraft:birch_log":2,"minecraft:pink_stained_glass":129,"minecraft:oak_boat":7,"minecraft:gray_stained_glass":2,"minecraft:iron_bars":12,"minecraft:red_concrete":9,"minecraft:netherrack":531,"minecraft:torch":292,"minecraft:anvil":3,"minecraft:stone_stairs":56,"minecraft:sea_lantern":397,"minecraft:iron_axe":1911,"minecraft:chicken_spawn_egg":7,"minecraft:smooth_quartz":1702,"minecraft:pink_stained_glass_pane":1,"minecraft:barrel":1,"minecraft:bamboo":5,"minecraft:basalt":14,"minecraft:glowstone":35,"minecraft:podzol":107,"minecraft:observer":6,"minecraft:horn_coral_fan":14,"minecraft:water_bucket":1156,"minecraft:birch_planks":1375,"minecraft:sheep_spawn_egg":5,"minecraft:horse_spawn_egg":3,"minecraft:mossy_cobblestone":387,"minecraft:diamond_block":3,"minecraft:vine":39,"minecraft:comparator":11,"minecraft:tnt":8,"minecraft:crafting_table":39,"minecraft:birch_sign":56,"minecraft:campfire":114,"minecraft:white_bed":48,"minecraft:dark_oak_fence_gate":4,"minecraft:oak_log":6,"minecraft:blue_stained_glass_pane":12,"minecraft:diamond_pickaxe":17603,"minecraft:ghast_spawn_egg":2,"minecraft:oxeye_daisy":32,"minecraft:diamond_shovel":4138,"minecraft:iron_pickaxe":391,"minecraft:suspicious_stew":3,"minecraft:cobblestone":1032,"minecraft:glass_pane":196,"minecraft:stripped_oak_log":16,"minecraft:dandelion":8,"minecraft:light_blue_banner":1,"minecraft:light_blue_stained_glass_pane":40,"minecraft:white_concrete_powder":320,"minecraft:white_terracotta":32,"minecraft:nether_bricks":4,"minecraft:obsidian":3,"minecraft:glass":25,"minecraft:coal_ore":11,"minecraft:lantern":325,"minecraft:blue_orchid":21,"minecraft:panda_spawn_egg":3,"minecraft:dark_oak_wood":62,"minecraft:stone_bricks":1230,"minecraft:item_frame":176,"minecraft:birch_trapdoor":148,"minecraft:repeater":29,"minecraft:red_carpet":711,"minecraft:redstone_lamp":17,"minecraft:magma_block":28,"minecraft:hay_block":25,"minecraft:scaffolding":230,"minecraft:gold_block":2,"minecraft:polished_blackstone_stairs":13,"minecraft:dark_oak_sapling":26,"minecraft:dark_oak_stairs":403,"minecraft:dropper":7,"minecraft:birch_leaves":2,"minecraft:dark_oak_sign":62,"minecraft:oak_planks":137,"minecraft:ender_pearl":6,"minecraft:redstone_block":3,"minecraft:sugar_cane":176,"minecraft:diamond_axe":1630,"minecraft:white_wool":42,"minecraft:lime_stained_glass_pane":4,"minecraft:loom":1,"minecraft:sponge":19,"minecraft:note_block":12,"minecraft:black_bed":28,"minecraft:shears":1377,"minecraft:sticky_piston":3,"minecraft:redstone_torch":27,"minecraft:black_concrete":2,"minecraft:dark_oak_log":2271,"minecraft:birch_fence_gate":40,"minecraft:bread":1,"minecraft:barrier":173,"minecraft:string":23,"minecraft:gravel":9,"minecraft:iron_door":1,"minecraft:stripped_oak_wood":1,"minecraft:grindstone":1,"minecraft:andesite":26,"minecraft:chain":25,"minecraft:white_concrete":2053,"minecraft:coarse_dirt":1,"minecraft:bone_meal":16,"minecraft:experience_bottle":1958,"minecraft:oak_fence":5,"minecraft:netherite_sword":613,"minecraft:trident":534,"minecraft:flint_and_steel":2,"minecraft:redstone":122,"minecraft:ender_chest":18,"minecraft:oak_door":1,"minecraft:dirt":1533,"minecraft:white_carpet":13,"minecraft:hopper":11,"minecraft:cobblestone_wall":16,"minecraft:granite":28,"minecraft:andesite_wall":4,"minecraft:birch_door":2,"minecraft:purple_stained_glass_pane":7,"minecraft:stone_brick_slab":215,"minecraft:dark_oak_planks":2777,"minecraft:bookshelf":26,"minecraft:oak_stairs":4,"minecraft:black_stained_glass":180,"minecraft:golden_carrot":320,"minecraft:emerald_block":11,"minecraft:white_stained_glass_pane":23,"minecraft:netherite_pickaxe":7489,"minecraft:quartz_bricks":58,"minecraft:iron_ore":5,"minecraft:birch_boat":12,"minecraft:cobblestone_slab":100,"minecraft:stripped_dark_oak_log":559,"minecraft:yellow_stained_glass_pane":22,"minecraft:dark_oak_door":19,"minecraft:piston":1,"minecraft:apple":2,"minecraft:command_block":2,"minecraft:netherite_axe":4897,"minecraft:stone_slab":2,"minecraft:white_banner":3,"minecraft:chain_command_block":1,"minecraft:bucket":1047,"minecraft:grass_path":214,"minecraft:yellow_bed":1,"minecraft:splash_potion":226,"minecraft:birch_stairs":246},"minecraft:picked_up":{"minecraft:birch_door":1,"minecraft:anvil":29,"minecraft:suspicious_stew":1,"minecraft:lead":12,"minecraft:smithing_table":1,"minecraft:stone_slab":4,"minecraft:diamond_sword":5,"minecraft:oak_stairs":4,"minecraft:enchanted_book":7,"minecraft:string":88,"minecraft:dark_oak_trapdoor":162,"minecraft:soul_soil":13,"minecraft:blue_stained_glass_pane":261,"minecraft:diamond_leggings":3,"minecraft:gold_nugget":685,"minecraft:diamond_ore":8,"minecraft:dark_oak_door":6,"minecraft:composter":4,"minecraft:golden_axe":3,"minecraft:bookshelf":4,"minecraft:white_terracotta":32,"minecraft:netherite_chestplate":2,"minecraft:blaze_rod":9,"minecraft:birch_log":2702,"minecraft:magma_block":42,"minecraft:feather":6,"minecraft:birch_slab":117,"minecraft:water_bucket":4,"minecraft:dark_oak_boat":4,"minecraft:flint":39,"minecraft:netherite_leggings":2,"minecraft:gray_concrete":73,"minecraft:lantern":54,"minecraft:dark_oak_sign":5,"minecraft:diamond_helmet":4,"minecraft:dropper":3,"minecraft:birch_fence_gate":10,"minecraft:ink_sac":459,"minecraft:dark_oak_log":2907,"minecraft:quartz_bricks":66,"minecraft:black_concrete_powder":32,"minecraft:granite":380,"minecraft:chainmail_helmet":2,"minecraft:bread":4,"minecraft:dark_oak_fence":113,"minecraft:diamond_pickaxe":10,"minecraft:lime_stained_glass_pane":4,"minecraft:crafting_table":15,"minecraft:bee_nest":2,"minecraft:redstone_lamp":7,"minecraft:netherite_scrap":4,"minecraft:white_carpet":6,"minecraft:glass_pane":196,"minecraft:netherite_sword":6,"minecraft:poppy":27,"minecraft:chest":22,"minecraft:birch_sapling":54,"minecraft:diamond_hoe":1,"minecraft:egg":1,"minecraft:black_stained_glass":3,"minecraft:stone":299,"minecraft:oak_door":1,"minecraft:redstone":932,"minecraft:netherite_pickaxe":5,"minecraft:prismarine_crystals":2,"minecraft:tnt":50,"minecraft:stone_shovel":8,"minecraft:diamond_chestplate":4,"minecraft:shears":2,"minecraft:diamond_boots":3,"minecraft:hay_block":22,"minecraft:gold_ingot":3,"minecraft:bone_block":131,"minecraft:oxeye_daisy":26,"minecraft:stripped_oak_log":17,"minecraft:birch_leaves":20,"minecraft:ancient_debris":39,"minecraft:oak_log":220,"minecraft:lily_pad":3,"minecraft:paper":176,"minecraft:white_banner":3,"minecraft:spawner":2,"minecraft:apple":5,"minecraft:stone_bricks":546,"minecraft:kelp":22,"minecraft:stone_pickaxe":2,"minecraft:iron_ore":323,"minecraft:iron_sword":6,"minecraft:dark_oak_stairs":62,"minecraft:white_stained_glass_pane":47,"minecraft:dark_oak_slab":162,"minecraft:gravel":97,"minecraft:birch_stairs":9,"minecraft:diamond_shovel":2,"minecraft:coal_ore":98,"minecraft:slime_ball":18,"minecraft:stone_axe":12,"minecraft:diamond_axe":7,"minecraft:birch_sign":7,"minecraft:stripped_dark_oak_log":529,"minecraft:smooth_quartz_slab":6,"minecraft:hopper":1,"minecraft:ender_pearl":25,"minecraft:black_carpet":19,"minecraft:wheat":5,"minecraft:redstone_block":1,"minecraft:ender_chest":12,"minecraft:stone_brick_stairs":441,"minecraft:iron_leggings":1,"minecraft:comparator":2,"minecraft:bucket":1,"minecraft:redstone_torch":10,"minecraft:cobblestone_slab":4,"minecraft:smooth_quartz":495,"minecraft:iron_pickaxe":2,"minecraft:smooth_quartz_stairs":21,"minecraft:furnace":2,"minecraft:stick":31,"minecraft:birch_trapdoor":144,"minecraft:oak_fence":5,"minecraft:torch":238,"minecraft:netherite_shovel":3,"minecraft:diorite":384,"minecraft:andesite_wall":60,"minecraft:cactus":128,"minecraft:rotten_flesh":306,"minecraft:obsidian":7,"minecraft:cobblestone":5236,"minecraft:repeater":9,"minecraft:andesite":741,"minecraft:black_bed":26,"minecraft:potato":1,"minecraft:lapis_lazuli":353,"minecraft:dirt":1930,"minecraft:stripped_birch_log":2,"minecraft:glass":893,"minecraft:bone":82,"minecraft:bow":13,"minecraft:wheat_seeds":105,"minecraft:bell":32,"minecraft:grindstone":1,"minecraft:netherite_axe":5,"minecraft:purple_stained_glass_pane":50,"minecraft:bamboo":3,"minecraft:oak_planks":160,"minecraft:stone_hoe":1,"minecraft:ghast_tear":6,"minecraft:black_stained_glass_pane":15,"minecraft:sand":537,"minecraft:grass_block":2022,"minecraft:mossy_cobblestone":2,"minecraft:diamond":536,"minecraft:black_concrete":4,"minecraft:netherite_helmet":2,"minecraft:crossbow":14,"minecraft:grass":5,"minecraft:bone_meal":12,"minecraft:golden_apple":100,"minecraft:white_concrete":699,"minecraft:emerald":369,"minecraft:oak_sapling":14,"minecraft:netherrack":3334,"minecraft:oak_leaves":1055,"minecraft:charcoal":16,"minecraft:chicken":1,"minecraft:ladder":109,"minecraft:stone_brick_wall":64,"minecraft:diamond_horse_armor":1,"minecraft:shield":1,"minecraft:stone_stairs":18,"minecraft:iron_axe":21,"minecraft:item_frame":73,"minecraft:birch_fence":64,"minecraft:blackstone":108,"minecraft:oak_boat":7,"minecraft:observer":5,"minecraft:lectern":617,"minecraft:sugar_cane":5366,"minecraft:phantom_membrane":2,"minecraft:dark_oak_sapling":28,"minecraft:stone_button":3,"minecraft:cookie":55,"minecraft:trident":4,"minecraft:dark_oak_planks":1154,"minecraft:arrow":68,"minecraft:light_blue_stained_glass_pane":4,"minecraft:pumpkin_pie":50,"minecraft:nether_bricks":6,"minecraft:saddle":3,"minecraft:skeleton_skull":1,"minecraft:netherite_boots":3,"minecraft:basalt":47,"minecraft:golden_carrot":244,"minecraft:salmon":13,"minecraft:leather":10,"minecraft:birch_planks":843,"minecraft:chainmail_chestplate":1,"minecraft:yellow_bed":1,"minecraft:gunpowder":60,"minecraft:red_carpet":86,"minecraft:heart_of_the_sea":1,"minecraft:iron_ingot":62,"minecraft:cooked_chicken":4,"minecraft:stripped_oak_wood":1,"minecraft:soul_sand":10,"minecraft:book":108,"minecraft:scaffolding":233,"minecraft:oak_slab":1,"minecraft:emerald_block":1,"minecraft:birch_boat":10,"minecraft:stone_brick_slab":266,"minecraft:quartz":893,"minecraft:dandelion":70,"minecraft:grass_path":3,"minecraft:blast_furnace":4,"minecraft:white_bed":37,"minecraft:gold_ore":41,"minecraft:spider_eye":32,"minecraft:white_concrete_powder":320,"minecraft:campfire":145,"minecraft:chainmail_leggings":4,"minecraft:coal":938},"minecraft:killed":{"minecraft:skeleton":67,"minecraft:chicken":2,"minecraft:cat":21,"minecraft:magma_cube":7,"minecraft:salmon":12,"minecraft:iron_golem":11,"minecraft:pillager":4,"minecraft:zombie":187,"minecraft:cow":2,"minecraft:horse":1,"minecraft:wandering_trader":4,"minecraft:ravager":2,"minecraft:enderman":5,"minecraft:zombified_piglin":1,"minecraft:spider":69,"minecraft:wolf":1,"minecraft:piglin":2,"minecraft:pig":3,"minecraft:zombie_villager":2,"minecraft:creeper":55,"minecraft:sheep":2,"minecraft:trader_llama":10,"minecraft:ghast":4,"minecraft:blaze":12,"minecraft:slime":7,"minecraft:phantom":5,"minecraft:panda":4,"minecraft:drowned":47,"minecraft:bat":7,"minecraft:squid":205,"minecraft:wither_skeleton":2,"minecraft:villager":6}},"DataVersion":2586}